text,option1,option2,option3,option4,correct_option,explanation,subject_id,question_image,explanation_image
All of the following pass between the medial and lateral pterygoid muscles EXCEPT:,Lingual nerve,Inferior alveolar nerve,Buccal nerve,Chorda tympani,3,"The infratemporal fossa contains important neurovascular structures that course between the medial and lateral pterygoid muscles. The lingual nerve and inferior alveolar nerve descend in this interval, and the chorda tympani joins the lingual nerve in this space to carry parasympathetic fibers to the submandibular ganglion and taste fibers to the anterior tongue. The buccal nerve, however, passes between the two heads of the lateral pterygoid, not between medial and lateral pterygoids. High-yield review: Between medial & lateral pterygoids ‚Üí lingual nerve, inferior alveolar nerve, chorda tympani. Through heads of lateral pterygoid ‚Üí buccal nerve. Clinical: inferior alveolar block is given in this region near the mandibular foramen.",7,,
"Which structure suspends the small intestine from the posterior abdominal wall and conveys its vessels, lymphatics, and nerves?",Greater omentum,Lesser omentum,Mesentery,Transverse mesocolon,3,"The mesentery is a double layer of peritoneum that suspends the jejunum and ileum from the posterior abdominal wall. It provides a conduit for branches of the superior mesenteric vessels, lymphatics, and autonomic nerves to reach the intestines. In contrast, the greater and lesser omenta attach to the stomach, and the transverse mesocolon suspends the transverse colon. High-yield review: Mesentery proper suspends jejunum + ileum. Omenta‚Äîgreater = stomach to transverse colon, lesser = stomach to liver. Mesocolons anchor colon. Clinical: mesenteric ischemia results from compromise of SMA branches.",7,,
The first four right posterior intercostal veins drain into which vein?,Hemiazygos vein,Accessory hemiazygos vein,Right superior intercostal vein ‚Üí azygos vein,Left brachiocephalic vein,3,"On the right side, the first posterior intercostal vein drains into the brachiocephalic vein. The 2nd‚Äì4th posterior intercostal veins unite to form the right superior intercostal vein, which then drains into the azygos vein. The remaining right posterior intercostal veins drain directly into the azygos vein. On the left side, drainage is via the accessory hemiazygos and hemiazygos veins into the azygos. High-yield review: Right 1st = brachiocephalic. Right 2nd‚Äì4th = right superior intercostal ‚Üí azygos. Right 5th‚Äì11th = directly to azygos. Clinical: azygos system provides collateral between SVC and IVC.",7,,
Which connective tissue layer surrounds multiple fascicles of a peripheral nerve?,Endoneurium,Perineurium,Epineurium,Myelin sheath,3,"Peripheral nerves are organized into layers of connective tissue. The endoneurium surrounds individual axons (and their Schwann cell myelin sheaths). Multiple axons are bundled into fascicles, which are encased by the perineurium ‚Äî a specialized barrier that also maintains the blood‚Äìnerve barrier. Finally, multiple fascicles are grouped together and surrounded by the epineurium, the outermost connective tissue sheath, which contains blood vessels and provides overall protection and tensile strength to the nerve. High-yield review: Endoneurium‚Äîaround individual axons. Perineurium‚Äîaround fascicles (blood‚Äìnerve barrier). Epineurium‚Äîaround multiple fascicles (whole nerve). Clinical: Schwannomas arise from Schwann cells (endoneurium level); perineurium important in local anesthesia spread.",7,,
Which of the following is a function of Clara (club) cells in the bronchioles?,Secrete surfactant phospholipids for alveolar expansion,Secrete protective proteins and mucous-like material in bronchioles,Provide structural support for alveoli,Form tight junctions to prevent alveolar collapse,2,"Clara cells, also called club cells, are non-ciliated, dome-shaped epithelial cells located in the terminal bronchioles. They secrete protective proteins, glycosaminoglycans, and a mucous-like material that helps maintain bronchiolar lining integrity. They also detoxify harmful substances via cytochrome P450 enzymes, act as progenitor cells for bronchiolar epithelium, and contribute to local immune defense. Unlike type II pneumocytes, Clara cells do not produce alveolar surfactant, but their secretions help reduce surface tension in smaller airways. High-yield review: Location‚Äîbronchioles. Function‚Äîsecrete protective proteins and mucous-like fluid, detoxify toxins, progenitor cells. Differentiate: Type II pneumocytes‚Äîsurfactant; Goblet cells‚Äîmucus in larger bronchi/trachea. Clinical‚Äîloss of Clara cells linked to toxic lung injury and chronic inflammation.",7,,
A 45-year-old obese patient presents with shoulder pain. Which of the following nerves is most directly responsible for motor innervation of the deltoid and sensory innervation over the lateral shoulder?,Axillary nerve (C5‚ÄìC6),Musculocutaneous nerve (C5‚ÄìC7),Radial nerve (C5‚ÄìT1),Ulnar nerve (C8‚ÄìT1),1,"The axillary nerve arises from the posterior cord of the brachial plexus (C5‚ÄìC6). It innervates the deltoid and teres minor muscles and provides cutaneous sensation over the lateral shoulder (the regimental badge area). Injury can occur with surgical neck fractures of the humerus or anterior shoulder dislocation. High-yield review: Axillary nerve‚Äîposterior cord, C5‚ÄìC6. Motor: deltoid and teres minor. Sensory: lateral shoulder skin. Injury: surgical neck fracture, shoulder dislocation, compression.",7,,
"Which part of the brachial plexus gives rise to the terminal branches Musculocutaneous, Axillary, Radial, Median, and Ulnar nerves (MARMU)?",Roots,Trunks,Cords,Terminal branches,4,"The brachial plexus is organized as roots (C5‚ÄìT1), trunks (upper, middle, lower), divisions (anterior and posterior), cords (lateral, medial, posterior), and terminal branches. The terminal branches are the most distal part of the plexus and include Musculocutaneous, Axillary, Radial, Median, and Ulnar nerves (MARMU). High-yield review: Roots ‚Üí trunks ‚Üí divisions ‚Üí cords ‚Üí terminal branches. Terminal branches innervate the major muscles and cutaneous regions of the upper limb.",7,,
Which of the following best describes enamel tufts?,"Hypocalcified, protein-rich structures projecting from the DEJ into enamel",Microscopic cracks that traverse the full thickness of enamel from surface toward the DEJ,Trapped odontoblastic processes that extend a short distance into enamel,Surface furrows seen cervically on erupted enamel,1,"Enamel tufts are hypomineralized, protein-rich brush-like structures that originate at the dentinoenamel junction (DEJ) and project a short distance into enamel. They arise along prism boundaries where mineralization is incomplete and serve to dissipate stress, preventing enamel fracture. They are associated with gnarled enamel and Hunter‚ÄìSchreger bands, both of which reflect decussation of enamel prisms. Option 2 describes enamel lamellae, which are cracks or faults that extend from the enamel surface toward the DEJ. Option 3 describes enamel spindles, which are trapped odontoblastic processes at the DEJ. Option 4 describes perikymata, surface furrows related to Lines of Retzius. High-yield review: Tufts = DEJ origin, protein-rich, hypomineralized, stress-dissipating structures.",7,,
Enamel spindles are formed by which of the following?,Trapped odontoblastic processes that extend across the DEJ into enamel,Protein-rich hypocalcified defects arising at the DEJ that project into enamel,Leaf-like cracks extending from enamel surface toward the DEJ,Incremental growth lines running obliquely through enamel,1,"Enamel spindles form when odontoblastic processes from dentin cross the DEJ and become trapped in enamel during development. They appear as short, linear structures near cusp tips and should not be confused with other enamel defects. Option 2 refers to enamel tufts, hypocalcified, protein-rich projections from the DEJ. Option 3 describes enamel lamellae, cracks that can extend through the enamel thickness. Option 4 refers to Lines of Retzius, incremental growth lines in enamel. High-yield review: Spindles = odontoblast processes trapped in enamel; Tufts = hypomineralized protein-rich DEJ projections; Lamellae = cracks from surface inward.",7,,
Enamel lamellae differ from tufts and spindles because they are best described as:,"Hypocalcified, protein-rich projections that arise from the DEJ",Trapped odontoblastic processes located just inside enamel,Leaf-like faults or cracks that extend from the enamel surface toward the DEJ,External cervical furrows representing incremental growth,3,"Enamel lamellae are thin, leaf-like cracks or faults that typically originate at the enamel surface and extend toward the DEJ. They may cross into dentin and can be developmental (areas of incomplete prism maturation) or acquired (post-eruptive microcracks). They are significant because they can serve as pathways for caries spread. Option 1 describes enamel tufts, protein-rich defects at the DEJ. Option 2 describes enamel spindles, odontoblast processes trapped at the DEJ. Option 4 describes perikymata, surface furrows related to enamel growth lines. High-yield review: Lamellae = surface-origin cracks through enamel, potential caries pathways; Tufts = DEJ defects; Spindles = trapped odontoblasts.",7,,
The right common carotid artery and the right subclavian artery both originate from which vessel?,Arch of the aorta directly,Brachiocephalic trunk (artery),Right internal thoracic artery,Vertebral artery,2,"The brachiocephalic trunk (brachiocephalic artery) is the first major branch of the aortic arch. It ascends and divides into the right subclavian artery and the right common carotid artery, supplying the right arm and right side of the head and neck. In contrast, the left common carotid and left subclavian arteries arise directly from the aortic arch. Option 1 (arch of aorta directly) applies only to the left common carotid and subclavian. Option 3 (right internal thoracic artery) is a branch of the subclavian, not a source. Option 4 (vertebral artery) arises from the subclavian and supplies the posterior circulation of the brain. High-yield review: Arch of aorta branches (right to left) = Brachiocephalic trunk ‚Üí Left common carotid ‚Üí Left subclavian. Only the right side uses a brachiocephalic trunk.",7,,
Which cranial nerves are responsible for the gag reflex?,CN V (trigeminal) and CN VII (facial),CN IX (glossopharyngeal) and CN X (vagus),CN XI (accessory) and CN XII (hypoglossal),CN II (optic) and CN III (oculomotor),2,"The gag reflex requires sensory (afferent) and motor (efferent) components. The glossopharyngeal nerve (CN IX) provides afferent sensation from the pharynx, while the vagus nerve (CN X) supplies efferent motor innervation to the pharyngeal muscles via the nucleus ambiguus. CN V, VII, XI, and XII are not involved. High-yield: CN IX (afferent), CN X (efferent), medullary reflex arc.",7,,
The maxillary division of the trigeminal nerve (V2) passes through all of the following except:,Foramen rotundum,Foramen lacerum,Pterygopalatine fossa,Inferior orbital fissure,2,"V2 exits the middle cranial fossa via the foramen rotundum, enters the pterygopalatine fossa, and continues anteriorly through the inferior orbital fissure to become the infraorbital nerve. The foramen lacerum does not transmit any cranial nerves. High-yield: V1 ‚Üí superior orbital fissure; V2 ‚Üí foramen rotundum; V3 ‚Üí foramen ovale.",7,,
Which division of the trigeminal nerve passes through the superior orbital fissure?,V1 (ophthalmic nerve),V2 (maxillary nerve),V3 (mandibular nerve),Facial nerve,1,"The ophthalmic nerve (V1) passes through the superior orbital fissure along with CN III, IV, and VI. V2 passes via the foramen rotundum, V3 via foramen ovale, and the facial nerve via the internal acoustic meatus.",7,,
The maxillary division (V2) of the trigeminal nerve exits the skull via:,Superior orbital fissure,Foramen ovale,Foramen rotundum,Foramen spinosum,3,"V2 leaves the middle cranial fossa via the foramen rotundum to enter the pterygopalatine fossa. V1 passes through the superior orbital fissure, V3 through the foramen ovale, and the middle meningeal artery through the foramen spinosum.",7,,
Which cranial nerve passes through the foramen ovale?,V1 (ophthalmic),V2 (maxillary),V3 (mandibular),Facial nerve,3,"The mandibular division of the trigeminal nerve (V3) exits the skull via the foramen ovale. V1 passes through the superior orbital fissure, V2 through the foramen rotundum, and the facial nerve via the internal acoustic meatus.",7,,
Which structure passes through the foramen spinosum?,Middle meningeal artery,Internal carotid artery,Maxillary nerve (V2),Ophthalmic nerve (V1),1,"The foramen spinosum transmits the middle meningeal artery, a branch of the maxillary artery. This artery is clinically important in epidural hematomas when ruptured. High-yield: foramen spinosum ‚Üí middle meningeal artery.",7,,
Hunter‚ÄìSchreger bands in enamel are visible due to:,Enamel prisms arranged parallel to each other,Enamel prisms arranged in layers at right angles to each other,Enamel lamellae penetrating from surface to DEJ,Hypocalcified areas in the cervical enamel,2,"Hunter‚ÄìSchreger bands are alternating light and dark patterns seen in enamel under reflected light. They result from groups of enamel prisms changing orientation in alternating directions, usually at right angles. This arrangement strengthens enamel by deflecting cracks and preventing straight-line propagation. They are most visible on cusp tips and incisal edges, where occlusal forces are greatest. Differentiation from other structures is important: tufts are hypocalcified enamel areas near the DEJ, lamellae are thin linear enamel defects, and spindles are trapped odontoblast processes.",7,,
"The dental papilla, which gives rise to dentin and pulp, originates from:",Oral ectoderm,Ectomesenchyme (neural crest‚Äìderived),Stellate reticulum,Dental follicle,2,"The dental papilla is a condensation of ectomesenchymal tissue derived from neural crest cells. Located beneath the enamel organ, it plays a central role in odontogenesis. Peripheral papilla cells differentiate into odontoblasts, which secrete predentin that mineralizes into dentin, while the central papilla remains as dental pulp containing nerves, blood vessels, and connective tissue. This explains why dentin and pulp are closely integrated as the dentin‚Äìpulp complex, with pulp inflammation often leading to dentinal pain.",7,,
Which layer of the enamel organ differentiates to form the cells that secrete enamel?,Stellate reticulum,Inner enamel epithelium,Outer enamel epithelium,Stratum intermedium,2,"The enamel organ is ectodermal in origin and has four layers: inner enamel epithelium (IEE), outer enamel epithelium (OEE), stellate reticulum, and stratum intermedium. The IEE differentiates into ameloblasts, which secrete enamel matrix. The OEE provides protection and maintains crown shape, the stellate reticulum cushions and preserves space for enamel development, and the stratum intermedium supports mineralization via alkaline phosphatase. Enamel is unique as the only ectoderm-derived hard tissue, 96% mineralized and incapable of repair once formed.",7,,
The dental papilla ultimately gives rise to which tissues?,Enamel,Dentin and pulp,Cementum,Periodontal ligament,2,"The dental papilla is a neural crest‚Äìderived ectomesenchymal condensation located beneath the enamel organ. Its peripheral cells differentiate into odontoblasts that secrete predentin, which mineralizes into dentin, while its central portion becomes the dental pulp. This relationship explains the concept of the dentin‚Äìpulp complex, where pulp inflammation is transmitted through dentin as hypersensitivity. Clinically, the papilla‚Äôs dual role highlights why dentin and pulp are inseparable both functionally and pathologically.",7,,
The dental follicle (sac) gives rise to:,Enamel,Pulp,"Periodontal ligament, cementum, alveolar bone",Stellate reticulum,3,"The dental follicle, also called the dental sac, is ectomesenchymal tissue that surrounds the developing enamel organ and dental papilla. It differentiates into the supporting apparatus of the tooth, known as the periodontium: cementoblasts form cementum, fibroblasts form the periodontal ligament (PDL), and osteoblasts form alveolar bone. These tissues anchor the tooth and absorb occlusal forces. Clinically, the follicle is essential for tooth eruption, guiding bone remodeling to create an eruption pathway and ensuring the integrity of supporting tissues.",7,,
Which cranial nerve is associated with the first pharyngeal (mandibular) arch?,Facial nerve (CN VII),"Trigeminal nerve (CN V2, V3)",Glossopharyngeal nerve (CN IX),Vagus nerve (CN X),2,"The first pharyngeal arch forms the muscles of mastication (masseter, temporalis, medial/lateral pterygoids), mylohyoid, anterior belly of digastric, tensor tympani, and tensor veli palatini. Skeletal derivatives include the maxilla, mandible (via Meckel‚Äôs cartilage), malleus, and incus. Its nerve is the trigeminal (CN V), specifically V2 and V3; V3 supplies motor to mastication muscles and sensory to lower face/oral cavity. Incorrect: CN VII is 2nd arch; CN IX is 3rd; CN X is 4th/6th. <div style=""border:1px solid #ddd;border-radius:10px;overflow:hidden;margin:8px 0;""><div style=""background:#0f172a;color:#fff;padding:10px 12px;font-weight:600;"">Pharyngeal Arches ‚Äî Derivatives</div><table role=""grid"" style=""width:100%;border-collapse:collapse;font-size:14px;color:#000;""><thead><tr style=""background:#111827;color:#fff;""><th style=""padding:8px;border:1px solid #ddd;"">Arch</th><th style=""padding:8px;border:1px solid #ddd;"">Muscles</th><th style=""padding:8px;border:1px solid #ddd;"">Skeletal</th><th style=""padding:8px;border:1px solid #ddd;"">Nerve</th><th style=""padding:8px;border:1px solid #ddd;"">Artery</th></tr></thead><tbody><tr style=""background:#ffffff;color:#000;""><td style=""padding:8px;border:1px solid #ddd;"">1st (Mandibular)</td><td style=""padding:8px;border:1px solid #ddd;"">Muscles of mastication, anterior belly of digastric, mylohyoid, tensor tympani, tensor veli palatini</td><td style=""padding:8px;border:1px solid #ddd;"">Maxilla, mandible (Meckel‚Äôs cartilage template), malleus, incus</td><td style=""padding:8px;border:1px solid #ddd;"">Trigeminal (CN V2, V3)</td><td style=""padding:8px;border:1px solid #ddd;"">Maxillary artery, external carotid</td></tr><tr style=""background:#f9fafb;color:#000;""><td style=""padding:8px;border:1px solid #ddd;"">2nd (Hyoid)</td><td style=""padding:8px;border:1px solid #ddd;"">Muscles of facial expression, buccinator, platysma, stapedius, stylohyoid, posterior belly of digastric</td><td style=""padding:8px;border:1px solid #ddd;"">Stapes, styloid process, lesser horn & upper body of hyoid (Reichert‚Äôs cartilage)</td><td style=""padding:8px;border:1px solid #ddd;"">Facial (CN VII)</td><td style=""padding:8px;border:1px solid #ddd;"">Stapedial artery, hyoid artery</td></tr><tr style=""background:#ffffff;color:#000;""><td style=""padding:8px;border:1px solid #ddd;"">3rd</td><td style=""padding:8px;border:1px solid #ddd;"">Stylopharyngeus</td><td style=""padding:8px;border:1px solid #ddd;"">Greater horn & lower body of hyoid; thymus; inferior parathyroids</td><td style=""padding:8px;border:1px solid #ddd;"">Glossopharyngeal (CN IX)</td><td style=""padding:8px;border:1px solid #ddd;"">Common carotid, internal carotid (proximal)</td></tr><tr style=""background:#f9fafb;color:#000;""><td style=""padding:8px;border:1px solid #ddd;"">4th</td><td style=""padding:8px;border:1px solid #ddd;"">Cricothyroid; soft palate muscles incl. levator veli palatini</td><td style=""padding:8px;border:1px solid #ddd;"">Thyroid cartilage; epiglottic cartilage; superior parathyroids</td><td style=""padding:8px;border:1px solid #ddd;"">Vagus (CN X ‚Äî superior laryngeal)</td><td style=""padding:8px;border:1px solid #ddd;"">Right: subclavian artery; Left: aortic arch</td></tr><tr style=""background:#ffffff;color:#000;""><td style=""padding:8px;border:1px solid #ddd;"">6th</td><td style=""padding:8px;border:1px solid #ddd;"">Intrinsic laryngeal muscles (except cricothyroid)</td><td style=""padding:8px;border:1px solid #ddd;"">Cricoid, arytenoid, corniculate cartilages</td><td style=""padding:8px;border:1px solid #ddd;"">Vagus (CN X ‚Äî recurrent laryngeal)</td><td style=""padding:8px;border:1px solid #ddd;"">Pulmonary arteries; ductus arteriosus</td></tr></tbody></table></div>",7,,
Which muscle group originates from the second pharyngeal (hyoid) arch?,Muscles of mastication,Muscles of facial expression,Stylopharyngeus,Cricothyroid,2,"The second (hyoid) arch forms the muscles of facial expression (e.g., orbicularis oris/oculi, buccinator, platysma), plus stapedius, stylohyoid, and the posterior belly of digastric. Its skeletal derivatives are Reichert‚Äôs cartilage derivatives: stapes, styloid process, and the lesser horn and upper body of the hyoid. Innervation is by the facial nerve (CN VII). Incorrect: mastication (1st arch, V3); stylopharyngeus (3rd, IX); cricothyroid (4th, X‚Äîsuperior laryngeal). <div style=""border:1px solid #ddd;border-radius:10px;overflow:hidden;margin:8px 0;""><div style=""background:#0f172a;color:#fff;padding:10px 12px;font-weight:600;"">Pharyngeal Arches ‚Äî Derivatives</div><table role=""grid"" style=""width:100%;border-collapse:collapse;font-size:14px;color:#000;""><thead><tr style=""background:#111827;color:#fff;""><th style=""padding:8px;border:1px solid #ddd;"">Arch</th><th style=""padding:8px;border:1px solid #ddd;"">Muscles</th><th style=""padding:8px;border:1px solid #ddd;"">Skeletal</th><th style=""padding:8px;border:1px solid #ddd;"">Nerve</th><th style=""padding:8px;border:1px solid #ddd;"">Artery</th></tr></thead><tbody><tr style=""background:#ffffff;color:#000;""><td style=""padding:8px;border:1px solid #ddd;"">1st (Mandibular)</td><td style=""padding:8px;border:1px solid #ddd;"">Muscles of mastication, anterior belly of digastric, mylohyoid, tensor tympani, tensor veli palatini</td><td style=""padding:8px;border:1px solid #ddd;"">Maxilla, mandible (Meckel‚Äôs cartilage template), malleus, incus</td><td style=""padding:8px;border:1px solid #ddd;"">Trigeminal (CN V2, V3)</td><td style=""padding:8px;border:1px solid #ddd;"">Maxillary artery, external carotid</td></tr><tr style=""background:#f9fafb;color:#000;""><td style=""padding:8px;border:1px solid #ddd;"">2nd (Hyoid)</td><td style=""padding:8px;border:1px solid #ddd;"">Muscles of facial expression, buccinator, platysma, stapedius, stylohyoid, posterior belly of digastric</td><td style=""padding:8px;border:1px solid #ddd;"">Stapes, styloid process, lesser horn & upper body of hyoid (Reichert‚Äôs cartilage)</td><td style=""padding:8px;border:1px solid #ddd;"">Facial (CN VII)</td><td style=""padding:8px;border:1px solid #ddd;"">Stapedial artery, hyoid artery</td></tr><tr style=""background:#ffffff;color:#000;""><td style=""padding:8px;border:1px solid #ddd;"">3rd</td><td style=""padding:8px;border:1px solid #ddd;"">Stylopharyngeus</td><td style=""padding:8px;border:1px solid #ddd;"">Greater horn & lower body of hyoid; thymus; inferior parathyroids</td><td style=""padding:8px;border:1px solid #ddd;"">Glossopharyngeal (CN IX)</td><td style=""padding:8px;border:1px solid #ddd;"">Common carotid, internal carotid (proximal)</td></tr><tr style=""background:#f9fafb;color:#000;""><td style=""padding:8px;border:1px solid #ddd;"">4th</td><td style=""padding:8px;border:1px solid #ddd;"">Cricothyroid; soft palate muscles incl. levator veli palatini</td><td style=""padding:8px;border:1px solid #ddd;"">Thyroid cartilage; epiglottic cartilage; superior parathyroids</td><td style=""padding:8px;border:1px solid #ddd;"">Vagus (CN X ‚Äî superior laryngeal)</td><td style=""padding:8px;border:1px solid #ddd;"">Right: subclavian artery; Left: aortic arch</td></tr><tr style=""background:#ffffff;color:#000;""><td style=""padding:8px;border:1px solid #ddd;"">6th</td><td style=""padding:8px;border:1px solid #ddd;"">Intrinsic laryngeal muscles (except cricothyroid)</td><td style=""padding:8px;border:1px solid #ddd;"">Cricoid, arytenoid, corniculate cartilages</td><td style=""padding:8px;border:1px solid #ddd;"">Vagus (CN X ‚Äî recurrent laryngeal)</td><td style=""padding:8px;border:1px solid #ddd;"">Pulmonary arteries; ductus arteriosus</td></tr></tbody></table></div>",7,,
Which muscle is uniquely derived from the third pharyngeal arch?,Buccinator,Stylopharyngeus,Cricothyroid,Masseter,2,"The third arch gives rise to a single muscle: stylopharyngeus, innervated by the glossopharyngeal nerve (CN IX). Its skeletal/endocrine derivatives include the greater horn and lower body of the hyoid plus contributions to the thymus and inferior parathyroids. Incorrect: buccinator (2nd, VII), cricothyroid (4th, X‚Äîsuperior laryngeal), masseter (1st, V3). <div style=""border:1px solid #ddd;border-radius:10px;overflow:hidden;margin:8px 0;""><div style=""background:#0f172a;color:#fff;padding:10px 12px;font-weight:600;"">Pharyngeal Arches ‚Äî Derivatives</div><table role=""grid"" style=""width:100%;border-collapse:collapse;font-size:14px;color:#000;""><thead><tr style=""background:#111827;color:#fff;""><th style=""padding:8px;border:1px solid #ddd;"">Arch</th><th style=""padding:8px;border:1px solid #ddd;"">Muscles</th><th style=""padding:8px;border:1px solid #ddd;"">Skeletal</th><th style=""padding:8px;border:1px solid #ddd;"">Nerve</th><th style=""padding:8px;border:1px solid #ddd;"">Artery</th></tr></thead><tbody><tr style=""background:#ffffff;color:#000;""><td style=""padding:8px;border:1px solid #ddd;"">1st (Mandibular)</td><td style=""padding:8px;border:1px solid #ddd;"">Muscles of mastication, anterior belly of digastric, mylohyoid, tensor tympani, tensor veli palatini</td><td style=""padding:8px;border:1px solid #ddd;"">Maxilla, mandible (Meckel‚Äôs cartilage template), malleus, incus</td><td style=""padding:8px;border:1px solid #ddd;"">Trigeminal (CN V2, V3)</td><td style=""padding:8px;border:1px solid #ddd;"">Maxillary artery, external carotid</td></tr><tr style=""background:#f9fafb;color:#000;""><td style=""padding:8px;border:1px solid #ddd;"">2nd (Hyoid)</td><td style=""padding:8px;border:1px solid #ddd;"">Muscles of facial expression, buccinator, platysma, stapedius, stylohyoid, posterior belly of digastric</td><td style=""padding:8px;border:1px solid #ddd;"">Stapes, styloid process, lesser horn & upper body of hyoid (Reichert‚Äôs cartilage)</td><td style=""padding:8px;border:1px solid #ddd;"">Facial (CN VII)</td><td style=""padding:8px;border:1px solid #ddd;"">Stapedial artery, hyoid artery</td></tr><tr style=""background:#ffffff;color:#000;""><td style=""padding:8px;border:1px solid #ddd;"">3rd</td><td style=""padding:8px;border:1px solid #ddd;"">Stylopharyngeus</td><td style=""padding:8px;border:1px solid #ddd;"">Greater horn & lower body of hyoid; thymus; inferior parathyroids</td><td style=""padding:8px;border:1px solid #ddd;"">Glossopharyngeal (CN IX)</td><td style=""padding:8px;border:1px solid #ddd;"">Common carotid, internal carotid (proximal)</td></tr><tr style=""background:#f9fafb;color:#000;""><td style=""padding:8px;border:1px solid #ddd;"">4th</td><td style=""padding:8px;border:1px solid #ddd;"">Cricothyroid; soft palate muscles incl. levator veli palatini</td><td style=""padding:8px;border:1px solid #ddd;"">Thyroid cartilage; epiglottic cartilage; superior parathyroids</td><td style=""padding:8px;border:1px solid #ddd;"">Vagus (CN X ‚Äî superior laryngeal)</td><td style=""padding:8px;border:1px solid #ddd;"">Right: subclavian artery; Left: aortic arch</td></tr><tr style=""background:#ffffff;color:#000;""><td style=""padding:8px;border:1px solid #ddd;"">6th</td><td style=""padding:8px;border:1px solid #ddd;"">Intrinsic laryngeal muscles (except cricothyroid)</td><td style=""padding:8px;border:1px solid #ddd;"">Cricoid, arytenoid, corniculate cartilages</td><td style=""padding:8px;border:1px solid #ddd;"">Vagus (CN X ‚Äî recurrent laryngeal)</td><td style=""padding:8px;border:1px solid #ddd;"">Pulmonary arteries; ductus arteriosus</td></tr></tbody></table></div>",7,,
"The cricothyroid muscle is derived from which pharyngeal arch, and what is its innervation?","2nd arch, Facial nerve","3rd arch, Glossopharyngeal nerve","4th arch, Vagus (superior laryngeal branch)","6th arch, Vagus (recurrent laryngeal branch)",3,"The fourth arch forms the cricothyroid and several soft palate muscles (including levator veli palatini). It is innervated by the superior laryngeal branch of the vagus nerve (CN X). The 6th arch forms the other intrinsic laryngeal muscles and is innervated by the recurrent laryngeal nerve. Incorrect: 2nd arch is CN VII; 3rd arch is CN IX. <div style=""border:1px solid #ddd;border-radius:10px;overflow:hidden;margin:8px 0;""><div style=""background:#0f172a;color:#fff;padding:10px 12px;font-weight:600;"">Pharyngeal Arches ‚Äî Derivatives</div><table role=""grid"" style=""width:100%;border-collapse:collapse;font-size:14px;color:#000;""><thead><tr style=""background:#111827;color:#fff;""><th style=""padding:8px;border:1px solid #ddd;"">Arch</th><th style=""padding:8px;border:1px solid #ddd;"">Muscles</th><th style=""padding:8px;border:1px solid #ddd;"">Skeletal</th><th style=""padding:8px;border:1px solid #ddd;"">Nerve</th><th style=""padding:8px;border:1px solid #ddd;"">Artery</th></tr></thead><tbody><tr style=""background:#ffffff;color:#000;""><td style=""padding:8px;border:1px solid #ddd;"">1st (Mandibular)</td><td style=""padding:8px;border:1px solid #ddd;"">Muscles of mastication, anterior belly of digastric, mylohyoid, tensor tympani, tensor veli palatini</td><td style=""padding:8px;border:1px solid #ddd;"">Maxilla, mandible (Meckel‚Äôs cartilage template), malleus, incus</td><td style=""padding:8px;border:1px solid #ddd;"">Trigeminal (CN V2, V3)</td><td style=""padding:8px;border:1px solid #ddd;"">Maxillary artery, external carotid</td></tr><tr style=""background:#f9fafb;color:#000;""><td style=""padding:8px;border:1px solid #ddd;"">2nd (Hyoid)</td><td style=""padding:8px;border:1px solid #ddd;"">Muscles of facial expression, buccinator, platysma, stapedius, stylohyoid, posterior belly of digastric</td><td style=""padding:8px;border:1px solid #ddd;"">Stapes, styloid process, lesser horn & upper body of hyoid (Reichert‚Äôs cartilage)</td><td style=""padding:8px;border:1px solid #ddd;"">Facial (CN VII)</td><td style=""padding:8px;border:1px solid #ddd;"">Stapedial artery, hyoid artery</td></tr><tr style=""background:#ffffff;color:#000;""><td style=""padding:8px;border:1px solid #ddd;"">3rd</td><td style=""padding:8px;border:1px solid #ddd;"">Stylopharyngeus</td><td style=""padding:8px;border:1px solid #ddd;"">Greater horn & lower body of hyoid; thymus; inferior parathyroids</td><td style=""padding:8px;border:1px solid #ddd;"">Glossopharyngeal (CN IX)</td><td style=""padding:8px;border:1px solid #ddd;"">Common carotid, internal carotid (proximal)</td></tr><tr style=""background:#f9fafb;color:#000;""><td style=""padding:8px;border:1px solid #ddd;"">4th</td><td style=""padding:8px;border:1px solid #ddd;"">Cricothyroid; soft palate muscles incl. levator veli palatini</td><td style=""padding:8px;border:1px solid #ddd;"">Thyroid cartilage; epiglottic cartilage; superior parathyroids</td><td style=""padding:8px;border:1px solid #ddd;"">Vagus (CN X ‚Äî superior laryngeal)</td><td style=""padding:8px;border:1px solid #ddd;"">Right: subclavian artery; Left: aortic arch</td></tr><tr style=""background:#ffffff;color:#000;""><td style=""padding:8px;border:1px solid #ddd;"">6th</td><td style=""padding:8px;border:1px solid #ddd;"">Intrinsic laryngeal muscles (except cricothyroid)</td><td style=""padding:8px;border:1px solid #ddd;"">Cricoid, arytenoid, corniculate cartilages</td><td style=""padding:8px;border:1px solid #ddd;"">Vagus (CN X ‚Äî recurrent laryngeal)</td><td style=""padding:8px;border:1px solid #ddd;"">Pulmonary arteries; ductus arteriosus</td></tr></tbody></table></div>",7,,
"All intrinsic muscles of the larynx (except cricothyroid) are derived from which pharyngeal arch, and what is their innervation?","1st arch, CN V3","2nd arch, CN VII","4th arch, CN X (superior laryngeal)","6th arch, CN X (recurrent laryngeal)",4,"The sixth arch forms the intrinsic laryngeal muscles (except cricothyroid) and is innervated by the recurrent laryngeal branch of the vagus nerve (CN X). The fourth arch supplies the cricothyroid and soft palate muscles and is innervated by the superior laryngeal nerve. Incorrect: 1st arch is V3; 2nd arch is VII. <div style=""border:1px solid #ddd;border-radius:10px;overflow:hidden;margin:8px 0;""><div style=""background:#0f172a;color:#fff;padding:10px 12px;font-weight:600;"">Pharyngeal Arches ‚Äî Derivatives</div><table role=""grid"" style=""width:100%;border-collapse:collapse;font-size:14px;color:#000;""><thead><tr style=""background:#111827;color:#fff;""><th style=""padding:8px;border:1px solid #ddd;"">Arch</th><th style=""padding:8px;border:1px solid #ddd;"">Muscles</th><th style=""padding:8px;border:1px solid #ddd;"">Skeletal</th><th style=""padding:8px;border:1px solid #ddd;"">Nerve</th><th style=""padding:8px;border:1px solid #ddd;"">Artery</th></tr></thead><tbody><tr style=""background:#ffffff;color:#000;""><td style=""padding:8px;border:1px solid #ddd;"">1st (Mandibular)</td><td style=""padding:8px;border:1px solid #ddd;"">Muscles of mastication, anterior belly of digastric, mylohyoid, tensor tympani, tensor veli palatini</td><td style=""padding:8px;border:1px solid #ddd;"">Maxilla, mandible (Meckel‚Äôs cartilage template), malleus, incus</td><td style=""padding:8px;border:1px solid #ddd;"">Trigeminal (CN V2, V3)</td><td style=""padding:8px;border:1px solid #ddd;"">Maxillary artery, external carotid</td></tr><tr style=""background:#f9fafb;color:#000;""><td style=""padding:8px;border:1px solid #ddd;"">2nd (Hyoid)</td><td style=""padding:8px;border:1px solid #ddd;"">Muscles of facial expression, buccinator, platysma, stapedius, stylohyoid, posterior belly of digastric</td><td style=""padding:8px;border:1px solid #ddd;"">Stapes, styloid process, lesser horn & upper body of hyoid (Reichert‚Äôs cartilage)</td><td style=""padding:8px;border:1px solid #ddd;"">Facial (CN VII)</td><td style=""padding:8px;border:1px solid #ddd;"">Stapedial artery, hyoid artery</td></tr><tr style=""background:#ffffff;color:#000;""><td style=""padding:8px;border:1px solid #ddd;"">3rd</td><td style=""padding:8px;border:1px solid #ddd;"">Stylopharyngeus</td><td style=""padding:8px;border:1px solid #ddd;"">Greater horn & lower body of hyoid; thymus; inferior parathyroids</td><td style=""padding:8px;border:1px solid #ddd;"">Glossopharyngeal (CN IX)</td><td style=""padding:8px;border:1px solid #ddd;"">Common carotid, internal carotid (proximal)</td></tr><tr style=""background:#f9fafb;color:#000;""><td style=""padding:8px;border:1px solid #ddd;"">4th</td><td style=""padding:8px;border:1px solid #ddd;"">Cricothyroid; soft palate muscles incl. levator veli palatini</td><td style=""padding:8px;border:1px solid #ddd;"">Thyroid cartilage; epiglottic cartilage; superior parathyroids</td><td style=""padding:8px;border:1px solid #ddd;"">Vagus (CN X ‚Äî superior laryngeal)</td><td style=""padding:8px;border:1px solid #ddd;"">Right: subclavian artery; Left: aortic arch</td></tr><tr style=""background:#ffffff;color:#000;""><td style=""padding:8px;border:1px solid #ddd;"">6th</td><td style=""padding:8px;border:1px solid #ddd;"">Intrinsic laryngeal muscles (except cricothyroid)</td><td style=""padding:8px;border:1px solid #ddd;"">Cricoid, arytenoid, corniculate cartilages</td><td style=""padding:8px;border:1px solid #ddd;"">Vagus (CN X ‚Äî recurrent laryngeal)</td><td style=""padding:8px;border:1px solid #ddd;"">Pulmonary arteries; ductus arteriosus</td></tr></tbody></table></div>",7,,
Which type of dentin is more highly mineralized?,Intertubular dentin,Peritubular dentin,Secondary dentin,Reparative dentin,2,"Peritubular dentin, also called intratubular dentin, forms the lining of dentinal tubules and is the most highly mineralized dentin (up to 40% more than intertubular dentin). It has less collagen and contributes to sclerosis by narrowing tubule lumens with age. Intertubular dentin makes up the bulk of dentin, is less mineralized, and has more collagen for resilience. Secondary dentin is slowly deposited after root formation, while reparative (tertiary) dentin is formed irregularly in response to injury or caries. High-yield: Peritubular dentin is the most calcified dentin in the tooth.",7,,
Which of the following cell types is not normally found in the dental pulp?,Odontoblasts,Fibroblasts,Cementoblasts,Dendritic cells,3,"The dental pulp is a soft connective tissue specialized for dentin formation and immune defense. Its most important cells are odontoblasts, which line the periphery and form dentin. Fibroblasts are the most numerous cells and produce pulp collagen (types I and III). Dendritic cells act as antigen-presenting cells, and macrophages, lymphocytes, and occasional mast cells provide immune surveillance. Pulp also contains blood vessels, lymphatics, and sensory and autonomic nerve fibers. Cementoblasts, however, are not pulp cells; they reside on the surface of the tooth root in the periodontal ligament and produce cementum. High-yield review: Pulp cells include odontoblasts, fibroblasts, dendritic cells, macrophages, lymphocytes, and mast cells (rare). Cementoblasts are absent in pulp. Pulp also functions in dentin formation, nutrition, sensation, and defense.",7,,
"Which phase of the cell cycle is the longest, involving cell growth and preparation for DNA replication?",S phase,G1 phase,G2 phase,M phase,2,"The G1 phase (Gap 1) is usually the longest phase of the cell cycle. During this time, the cell is metabolically active, producing mRNA and proteins needed for DNA synthesis. Organelles increase in number, and the cell grows in size. Importantly, this is the phase where the cell assesses whether conditions are favorable to proceed into the replication stage. At the G1/S checkpoint, tumor suppressors such as p53 and Rb verify DNA integrity and nutrient availability. High-yield: G1 = cell growth, RNA and protein synthesis; longest phase; checkpoint ensures DNA is undamaged before entering S.",7,,
In which phase of the cell cycle does DNA replication occur?,G1 phase,S phase,G2 phase,M phase,2,"The S phase (Synthesis phase) is the period in which the cell replicates its entire genome, producing two identical sets of DNA. Alongside DNA synthesis, histones are manufactured so that new DNA strands can be properly packaged into nucleosomes. Each chromosome, once duplicated, consists of two identical sister chromatids joined at the centromere. This phase is critical for maintaining genetic stability, as replication errors that escape repair can lead to mutations or cancer. High-yield: S = DNA and histone synthesis; genome doubles; chromosomes become sister chromatids; errors here can lead to genomic instability.",7,,
"Which phase of the cell cycle is the shortest, where the actual process of cell division occurs?",S phase,G1 phase,M phase,G2 phase,3,"The M phase (Mitosis) is the shortest but most dramatic stage of the cell cycle. It consists of prophase, metaphase, anaphase, and telophase, followed by cytokinesis. During this period, the replicated chromosomes are aligned, separated, and distributed into two daughter cells. The fidelity of this process is monitored by the spindle assembly checkpoint, which ensures chromosomes are properly attached to spindle fibers before segregation. While short, mistakes during M phase can result in aneuploidy and are implicated in cancer progression. High-yield: M = shortest phase; involves prophase ‚Üí metaphase ‚Üí anaphase ‚Üí telophase + cytokinesis; spindle checkpoint prevents chromosome missegregation.",7,,
Which histological feature distinguishes the parotid gland from the sublingual gland?,Parotid = mucous acini with pale cytoplasm,Parotid = serous acini with eosinophilic cytoplasm,Sublingual = predominantly serous acini with zymogen granules,Sublingual = serous acini with central nuclei,2,"The parotid gland is composed almost entirely of serous acini, which contain abundant zymogen granules. These granules are rich in digestive enzymes, giving the cytoplasm a dark eosinophilic (pink) staining in H&E sections. The nuclei of serous acinar cells are typically round and centrally located. In contrast, the sublingual gland is predominantly mucous acini, which have a pale, foamy, or bubbly appearance due to mucin content that does not stain well with H&E. The nuclei of mucous cells are flattened and pushed to the periphery. High-yield: Parotid = purely serous; Sublingual = mostly mucous; Submandibular = mixed (predominantly serous).",7,,
Which lymphoid organ contains both afferent and efferent lymphatic vessels?,Thymus,Spleen,Lymph node,Tonsil,3,"A lymph node is the only lymphoid organ with both afferent and efferent lymphatic vessels. Afferent vessels carry lymph into the node, where it passes through the cortex and medulla for immune surveillance by lymphocytes and macrophages, before exiting via efferent vessels at the hilum. In contrast, the spleen and thymus have only efferent lymphatic vessels. The spleen filters blood rather than lymph and therefore does not need afferent input. The thymus functions as the site of T-cell maturation, not lymph filtration. Tonsils are partially encapsulated and receive antigen directly through their epithelium. High-yield: Lymph node = afferent + efferent; Spleen/thymus = efferent only; Tonsils = none.",7,,
Each of the following structures pass through the foramen lacerum EXCEPT:,Artery of the pterygoid canal,Nerve of the pterygoid canal (Vidian nerve),Maxillary artery,Emissary veins,3,"The foramen lacerum is located at the base of the skull, bordered by the sphenoid, temporal, and occipital bones. It is filled with cartilage in life and serves as a passage for several small structures, but not the maxillary artery. The artery of the pterygoid canal passes through, as does the nerve of the pterygoid canal, formed by the greater petrosal nerve (parasympathetic) and deep petrosal nerve (sympathetic). Emissary veins may also traverse this region. The maxillary artery instead courses through the infratemporal and pterygopalatine fossae to supply the maxilla, nasal cavity, and dura. High-yield: Foramen lacerum = nerve of pterygoid canal, artery of pterygoid canal, emissary veins; NOT the maxillary artery.",7,,
A patient presents with difficulty raising his shoulders against resistance. Injury to which nerve is most likely responsible?,Axillary nerve,Long thoracic nerve,Spinal accessory nerve,Dorsal scapular nerve,3,"Shoulder elevation is performed mainly by the trapezius muscle, which is innervated by the spinal accessory nerve (cranial nerve XI). Damage leads to shoulder droop and difficulty shrugging shoulders against resistance. The axillary nerve supplies the deltoid (arm abduction 15‚Äì90¬∞), the long thoracic nerve supplies the serratus anterior (stabilizes scapula; injury causes winged scapula), and the dorsal scapular nerve supplies rhomboids and levator scapulae (scapular retraction and elevation). üëâ High-yield review: Spinal accessory ‚Üí shoulder shrug; Axillary ‚Üí deltoid; Long thoracic ‚Üí serratus anterior; Dorsal scapular ‚Üí rhomboids/levator scapulae.",7,,
A patient cannot abduct his arm beyond 15¬∞. Which nerve is most likely injured?,Axillary nerve,Suprascapular nerve,Long thoracic nerve,Thoracodorsal nerve,1,"The deltoid muscle, innervated by the axillary nerve (C5‚ÄìC6), is responsible for abduction of the arm from 15¬∞ to 90¬∞. The supraspinatus (suprascapular nerve) initiates abduction from 0‚Äì15¬∞, while abduction above 90¬∞ requires scapular rotation via the serratus anterior (long thoracic nerve) and trapezius (spinal accessory nerve). Injury to the axillary nerve causes loss of abduction beyond 15¬∞ and sensory loss over the deltoid region. üëâ High-yield review: Supraspinatus ‚Üí initiates abduction; Deltoid (axillary) ‚Üí 15‚Äì90¬∞; Serratus anterior/trapezius ‚Üí above 90¬∞; Thoracodorsal (latissimus dorsi) ‚Üí adduction/extension/internal rotation.",7,,
Which foramen transmits preganglionic parasympathetic fibers from the lesser petrosal nerve?,Foramen spinosum,Foramen lacerum,Foramen ovale,Jugular foramen,3,"The **foramen ovale** of the sphenoid bone transmits the mandibular division of the trigeminal nerve (V3), the accessory meningeal artery, the emissary vein from the cavernous sinus, and the **lesser petrosal nerve** carrying preganglionic parasympathetic fibers to the **otic ganglion**. After synapsing, postganglionic fibers innervate the parotid gland via the auriculotemporal nerve. By contrast, the foramen spinosum carries the middle meningeal artery, the foramen lacerum is filled with cartilage in life, and the jugular foramen carries CN IX, X, XI and the internal jugular vein.

üëâ High-yield fact: ‚ÄúOvale‚Äù = **Otic ganglion, V3, Accessory meningeal artery, Lesser petrosal nerve, Emissary vein**.",7,,
Which embryologic processes give rise to the palate?,Lateral nasal and medial nasal processes,Medial nasal and maxillary processes,Maxillary and mandibular processes,Medial nasal and lateral palatine processes,2,"The palate develops from the **medial nasal process** (primary palate and philtrum of the lip) and the **maxillary processes** (secondary palate). Failure of fusion causes cleft lip/palate. In the adult, the hard palate is formed by the **palatine processes of the maxilla** and the **horizontal plates of the palatine bones**.

üëâ High-yield fact: Primary palate = medial nasal; Secondary palate = maxillary shelves.",7,,
The ureter is derived from which embryologic tissue?,Endoderm,Mesoderm,Ectoderm,Neural crest,2,"The **ureter** develops from mesoderm, specifically the ureteric bud from the mesonephric duct. In contrast, the **bladder and urethra** arise from endoderm (urogenital sinus). This distinction is frequently tested in embryology.

üëâ High-yield fact: Mesoderm ‚Üí ureter, kidney; Endoderm ‚Üí bladder, urethra epithelium; Ectoderm ‚Üí distal anal canal, skin.",7,,
Which lymph nodes lie adjacent to the external jugular vein?,Deep cervical nodes,Superficial cervical nodes,Submandibular nodes,Retropharyngeal nodes,2,"The **superficial cervical lymph nodes** run along the **external jugular vein**, usually in the posterior triangle. They drain into the deep cervical nodes, which run along the internal jugular vein. Submandibular nodes drain oral cavity structures, while retropharyngeal nodes drain the pharynx/nasal cavity.

üëâ High-yield fact: Superficial cervical nodes ‚Üí external jugular; Deep cervical nodes ‚Üí internal jugular.",7,,
Which arteries supply the thyroid gland?,Ascending pharyngeal and superior thyroid arteries,Superior thyroid and thyrocervical trunk,Superior thyroid and middle meningeal arteries,Lingual and superior thyroid arteries,2,"The thyroid gland receives blood from two major sources: the **superior thyroid artery** (branch of external carotid) and the **inferior thyroid artery** (branch of the thyrocervical trunk from subclavian). Ascending pharyngeal does not supply it. Clinically important: superior thyroid artery is near the external branch of the superior laryngeal nerve; inferior thyroid artery is near the recurrent laryngeal nerve.

üëâ High-yield fact: Superior thyroid = external carotid; Inferior thyroid = thyrocervical trunk.",7,,
Which bone cells undergo mitosis most frequently?,Osteoblasts,Osteoclasts,Osteocytes,Osteoprogenitor (osteogenic) cells,4,"Bone tissue is dynamic, constantly undergoing <b>remodeling</b> ‚Äî a balance of <b>bone resorption</b> and <b>bone apposition</b>. <b>Osteoclasts</b> are large, multinucleated cells derived from hematopoietic precursors (monocyte/macrophage lineage). They resorb bone by secreting acid and proteolytic enzymes. Their differentiation and activity are regulated by the <b>RANK‚ÄìRANKL‚ÄìOPG pathway</b>: osteoblasts express RANKL, which binds RANK on pre-osteoclasts to stimulate maturation; osteoprotegerin (OPG) serves as a decoy receptor to inhibit this. <b>Osteoblasts</b> are bone-forming cells derived from mesenchymal stem cells. They secrete osteoid (collagen + ground substance) that mineralizes into bone. Once embedded, they become <b>osteocytes</b>. <b>Osteocytes</b> are mature, mechanosensory cells in lacunae that regulate bone turnover through canaliculi signaling. <b>Osteoprogenitor (osteogenic) cells</b> are stem-like precursors in the periosteum and endosteum. They are the <b>only bone cells that retain the ability to divide (mitosis)</b> and give rise to osteoblasts. <b>High-yield points:</b> Osteoprogenitor cells = only mitotic bone cells. RANK‚ÄìRANKL‚ÄìOPG pathway regulates osteoclasts. Bone remodeling = osteoclast resorption + osteoblast deposition.",7,,
Which intercellular junction is also known as a ‚Äúzona occludens‚Äù?,Desmosome,Gap junction,Tight junction,Adherens junction,3,"Epithelial cells are connected by specialized junctions that maintain structural integrity and regulate communication. <b>Tight junctions (zonula occludens)</b> are apical belt-like junctions that form a seal preventing paracellular passage of solutes. They are composed of proteins like <b>claudins</b> and <b>occludins</b> and maintain polarity of apical vs. basolateral membranes. <b>Adherens junctions (zonula adherens)</b> are located just below tight junctions, linking actin filaments between cells via cadherins and catenins. <b>Desmosomes (macula adherens)</b> are ‚Äúspot welds‚Äù connecting intermediate filaments (keratin) between cells, providing tensile strength. <b>Gap junctions (nexus)</b> are formed by connexins, allowing passage of ions and small molecules for electrical and metabolic coupling. <b>High-yield points:</b> Zona occludens = tight junction. Zona adherens = adherens junction. Macula adherens = desmosome. Nexus = gap junction.",7,,
The midbrain develops from which primary brain vesicle?,Prosencephalon,Mesencephalon,Rhombencephalon,Telencephalon,2,"Neural development begins with three primary brain vesicles: <b>Prosencephalon (forebrain)</b> ‚Üí divides into <b>telencephalon</b> (cerebral hemispheres) and <b>diencephalon</b> (thalamus, hypothalamus). <b>Mesencephalon (midbrain)</b> ‚Üí does not subdivide and directly forms the midbrain. <b>Rhombencephalon (hindbrain)</b> ‚Üí divides into <b>metencephalon</b> (pons, cerebellum) and <b>myelencephalon</b> (medulla). The midbrain contains the tectum (superior/inferior colliculi), tegmentum, and cerebral peduncles, functioning in visual, auditory, and motor control. <b>High-yield points:</b> Midbrain = mesencephalon. Forebrain ‚Üí telencephalon + diencephalon. Hindbrain ‚Üí metencephalon + myelencephalon.",7,,
Somatosensory information from the oral‚Äìfacial region is processed in which structure(s)?,Thalamus only,Somatosensory cortex only,Both thalamus and somatosensory cortex,Brainstem only,3,"Sensory input from the face and oral cavity is transmitted primarily via the <b>trigeminal nerve (CN V)</b>. First-order neurons in the trigeminal ganglion project to the trigeminal sensory nuclei in the brainstem. Second-order neurons cross and ascend via the <b>trigeminothalamic tract</b> to the <b>ventral posteromedial (VPM) nucleus</b> of the thalamus. Third-order neurons project from the thalamus to the <b>primary somatosensory cortex</b> (postcentral gyrus, Brodmann areas 3,1,2) for conscious perception. Thus, somatosensory information from the oral‚Äìfacial region is relayed through the <b>thalamus</b> and processed in the <b>somatosensory cortex</b>. <b>High-yield points:</b> Pathway = trigeminal nerve ‚Üí brainstem nuclei ‚Üí trigeminothalamic tract ‚Üí VPM thalamus ‚Üí somatosensory cortex. Thalamus = relay; cortex = conscious perception.",7,,
Which statement best describes the tunica media of blood vessels?,It is thick in veins and thin in arteries.,It is thick in arteries and thin in veins.,It is identical in thickness between arteries and veins.,It is absent in both arteries and veins.,2,"Blood vessels are composed of three concentric layers: <b>Tunica intima</b> = endothelium + subendothelial connective tissue + internal elastic lamina. <b>Tunica media</b> = smooth muscle + elastic fibers; <b>much thicker in arteries</b> to withstand high pressure and regulate vascular tone. <b>Tunica adventitia</b> = connective tissue with vasa vasorum and nerves; <b>thicker in veins</b> than arteries. Thus, arteries have a thick tunica media, while veins have a thicker adventitia. <b>High-yield points:</b> Tunica media = thicker in arteries. Veins = thinner media, thicker adventitia. Arteries = maintain blood pressure and flow.",7,,
Which nerve fiber types are correctly matched with their sensory modalities in tooth innervation?,"A-alpha: proprioception; A-beta: touch & pressure; A-delta: acute pain & temperature; C fibers: dull, burning pain & temperature",A-alpha: touch; A-beta: proprioception; A-delta: dull pain; C fibers: acute pain,A-alpha: proprioception; A-beta: vibration only; A-delta: temperature only; C fibers: pressure,A-alpha: proprioception; A-beta: proprioception; A-delta: pressure; C fibers: vibration,1,"The dental pulp is innervated by several classes of sensory fibers, each differing in diameter, conduction speed, and function. <b>A-alpha fibers</b> are the largest, fastest-conducting fibers and primarily mediate <b>proprioception</b>, such as detecting occlusal load and jaw position. <b>A-beta fibers</b> are slightly smaller, rapidly conducting fibers that transmit <b>touch and pressure</b> sensations. <b>A-delta fibers</b> are thinly myelinated fibers that conduct at intermediate speeds. They are responsible for <b>acute, sharp pain and temperature</b> detection. Clinically, they account for the immediate sharp pain in dentin hypersensitivity or reversible pulpitis. <b>C fibers</b> are unmyelinated, slow-conducting fibers. They transmit <b>dull, burning, throbbing pain and temperature</b> sensations. Clinically, they are associated with lingering pain, such as that experienced in irreversible pulpitis or pulpal necrosis. This classification highlights how the pulp can transmit both protective acute pain and chronic pain, allowing dentists to correlate symptoms with pulp status. <b>High-yield points:</b> A-alpha = proprioception (fastest). A-beta = touch & pressure. A-delta = sharp, acute pain & temperature. C fibers = dull, burning, throbbing pain & temperature. <b>Clinical correlation:</b> A-delta ‚Üí sharp quick pain; C fibers ‚Üí lingering throbbing pain.",7,,
A patient requires a buccal biopsy adjacent to tooth #19. Which nerve provides sensory innervation to this region?,Lingual nerve,"Buccal nerve (long buccal, branch of V3)",Buccal branch of the facial nerve (CN VII),Inferior alveolar nerve,2,"The <b>long buccal nerve</b> (commonly referred to as the buccal nerve) is a branch of the anterior division of the mandibular nerve (CN V3). It provides <b>sensory innervation</b> to the buccal gingiva and mucosa adjacent to the mandibular molars (#17‚Äì19). A common source of confusion is between the <b>long buccal nerve (V3)</b>, which is sensory, and the <b>buccal branch of the facial nerve (CN VII)</b>, which is motor. Only the long buccal nerve provides sensation to the buccal gingiva near mandibular molars.<br><br><b>High-yield points:</b><br><ul><li><b>Long buccal nerve (V3)</b> = sensory buccal gingiva molars</li><li><b>Buccal branch (CN VII)</b> = motor only</li><li><b>Lingual nerve (V3)</b> = tongue + lingual gingiva</li><li><b>Inferior alveolar nerve (V3)</b> = pulpal innervation + chin/lip</li></ul><b>Why the other options are incorrect:</b><br><ul><li><b>Lingual nerve (V3):</b> sensory to tongue + lingual gingiva, not buccal gingiva</li><li><b>Buccal branch of CN VII:</b> motor to facial muscles, no gingival sensation</li><li><b>Inferior alveolar nerve (V3):</b> mandibular teeth + mental region, not buccal gingiva</li></ul>",7,,
A patient presents with persistent coughing and production of yellow sputum. Which type of cell is primarily responsible for producing mucus in the respiratory tract?,Type I pneumocyte,Type II pneumocyte,Goblet cell,Clara (club) cell,3,"<b>Goblet cells</b> are mucus-secreting epithelial cells found in the respiratory tract, particularly in the trachea and bronchi. Their mucus traps inhaled particles and pathogens, protecting the epithelium. Overproduction contributes to yellow sputum in infection.<br><br>Other respiratory cells include:<br><b>Type I pneumocytes:</b> gas exchange.<br><b>Type II pneumocytes:</b> surfactant + progenitor role.<br><b>Clara cells:</b> detoxification, protective protein secretion.<br><b>Dust cells:</b> alveolar macrophages.<br><br><b>High-yield points:</b><br><ul><li><b>Goblet cells</b> = mucus</li><li><b>Type I</b> = gas exchange</li><li><b>Type II</b> = surfactant</li><li><b>Clara cells</b> = detox/protection</li><li><b>Dust cells</b> = macrophages</li></ul><b>Why the other options are incorrect:</b><br><ul><li><b>Type I:</b> gas exchange only</li><li><b>Type II:</b> surfactant, not mucus</li><li><b>Clara cells:</b> protein secretion, not mucus</li></ul>",7,,
Which of the following ligaments attaches the medial and lateral borders of the articular disc to the poles of the mandibular condyle?,Capsular ligament,Collateral (discal) ligament,Temporomandibular ligament (lateral ligament),Stylomandibular ligament,2,"The <b>collateral (discal) ligaments</b> attach the medial and lateral borders of the articular disc to the poles of the mandibular condyle. They stabilize the disc to the condyle during joint movement.<br><br>Other TMJ ligaments include:<br><b>Capsular ligament:</b> encloses the entire joint capsule.<br><b>Temporomandibular ligament:</b> resists posterior and inferior displacement.<br><b>Stylomandibular/sphenomandibular:</b> accessory ligaments limiting protrusion.<br><br><b>High-yield points:</b><br><ul><li>Collateral ligaments = disc ‚Üí condyle</li><li>Capsular = encloses TMJ</li><li>Temporomandibular = resists posterior/inferior movement</li><li>Stylomandibular/sphenomandibular = accessory</li></ul><b>Why the other options are incorrect:</b><br><ul><li><b>Capsular ligament:</b> surrounds the joint, not disc-condyle</li><li><b>Temporomandibular ligament:</b> resists posterior/inferior displacement</li><li><b>Stylomandibular ligament:</b> accessory, limits protrusion</li></ul>",7,,
Which nerve provides motor innervation to the biceps brachii muscle?,Radial nerve,Ulnar nerve,Musculocutaneous nerve,Median nerve,3,"The <b>musculocutaneous nerve</b> (C5‚ÄìC7) innervates the biceps brachii, brachialis, and coracobrachialis. The biceps flexes the elbow and supinates the forearm. After motor supply, it continues as the <b>lateral cutaneous nerve of the forearm</b>.<br><br><b>High-yield points:</b><br><ul><li>Musculocutaneous (C5‚ÄìC7) ‚Üí biceps</li><li>Action: flexion + supination</li><li>Continues as lateral cutaneous nerve of forearm</li></ul><b>Why the other options are incorrect:</b><br><ul><li><b>Radial:</b> posterior arm, triceps, extensors</li><li><b>Ulnar:</b> forearm flexors, intrinsic hand</li><li><b>Median:</b> forearm flexors, thenar muscles</li></ul>",7,,
Which nerve innervates the triceps brachii muscle?,Radial nerve,Ulnar nerve,Musculocutaneous nerve,Axillary nerve,1,"The <b>radial nerve</b> (C5‚ÄìT1) innervates the triceps brachii, anconeus, and posterior forearm extensors. The triceps is the primary extensor of the elbow. Radial nerve injury (e.g., humeral shaft fracture) can cause <b>wrist drop</b>.<br><br><b>High-yield points:</b><br><ul><li>Radial nerve ‚Üí triceps</li><li>Action: elbow extension</li><li>Radial lesion ‚Üí wrist drop</li></ul><b>Why the other options are incorrect:</b><br><ul><li><b>Ulnar:</b> forearm flexors, intrinsic hand</li><li><b>Musculocutaneous:</b> anterior arm flexors</li><li><b>Axillary:</b> deltoid + teres minor</li></ul>",7,,
Which of the following structures is not part of the thoracic cage?,Sternum,Ribs,Thoracic vertebrae,Clavicle,4,"The <b>thoracic cage</b> includes the sternum, ribs with costal cartilages, and thoracic vertebrae. It protects thoracic organs and supports respiration. The <b>clavicle</b> belongs to the pectoral girdle, not the thoracic cage.<br><br><b>High-yield points:</b><br><ul><li>Thoracic cage = sternum, ribs, vertebrae</li><li>Clavicle = pectoral girdle</li><li>Function: protection + respiration</li></ul><b>Why the other options are incorrect:</b><br><ul><li><b>Sternum:</b> central anterior cage</li><li><b>Ribs:</b> protective framework</li><li><b>Thoracic vertebrae:</b> posterior support</li></ul>",7,,
Which of the following arteries is a direct branch of the celiac trunk?,Right colic artery,Left gastric artery,Sigmoid artery,Superior rectal artery,2,"The <b>celiac trunk</b> supplies foregut structures and branches into the <b>left gastric, splenic, and common hepatic arteries</b>. The <b>SMA</b> supplies the midgut (e.g., right/middle colic). The <b>IMA</b> supplies the hindgut (e.g., left colic, sigmoid, superior rectal).<br><br><b>High-yield points:</b><br><ul><li>Celiac ‚Üí left gastric, splenic, common hepatic</li><li>SMA ‚Üí midgut (right/middle colic, ileocolic)</li><li>IMA ‚Üí hindgut (left colic, sigmoid, superior rectal)</li></ul><b>Why the other options are incorrect:</b><br><ul><li><b>Right colic:</b> SMA branch</li><li><b>Sigmoid:</b> IMA branch</li><li><b>Superior rectal:</b> IMA branch</li></ul>",7,,
Which of the following is not a direct branch of the abdominal aorta?,Celiac trunk,Inferior phrenic arteries,Superior mesenteric artery,Inferior mesenteric artery,2,"The abdominal aorta gives rise to the <b>celiac trunk</b>, <b>SMA</b>, <b>IMA</b>, paired renal/gonadal arteries, and lumbar arteries. The <b>inferior phrenic arteries</b> typically arise from the celiac trunk or renal arteries, not consistently from the aorta directly.<br><br><b>High-yield points:</b><br><ul><li>Aorta branches: celiac, SMA, IMA, renals, gonadals, lumbars</li><li>Inferior phrenic = variable origin</li><li>Supplies diaphragm</li></ul><b>Why the other options are incorrect:</b><br><ul><li><b>Celiac trunk:</b> foregut branch</li><li><b>SMA:</b> midgut branch</li><li><b>IMA:</b> hindgut branch</li></ul>",7,,
Preganglionic parasympathetic fibers controlling the pupillary constrictor muscles travel with which cranial nerve?,Trochlear nerve (CN IV),Oculomotor nerve (CN III),Abducens nerve (CN VI),Optic nerve (CN II),2,"Parasympathetic fibers from the <b>Edinger‚ÄìWestphal nucleus</b> travel with the <b>oculomotor nerve (CN III)</b>. They synapse in the ciliary ganglion, then innervate the sphincter pupillae and ciliary muscle, controlling <b>pupillary constriction and accommodation</b>.<br><br><b>High-yield points:</b><br><ul><li>CN III parasympathetic ‚Üí sphincter pupillae, ciliary muscle</li><li>Synapse: ciliary ganglion</li><li>Function: pupillary constriction + accommodation</li></ul><b>Why the other options are incorrect:</b><br><ul><li><b>CN IV:</b> motor to superior oblique</li><li><b>CN VI:</b> motor to lateral rectus</li><li><b>CN II:</b> sensory only</li></ul>",7,,
The Edinger‚ÄìWestphal nucleus provides parasympathetic preganglionic fibers to which structure?,Lacrimal gland,Pupillary sphincter and ciliary muscle,Parotid gland,Submandibular gland,2,The <b>Edinger‚ÄìWestphal nucleus</b> is part of the oculomotor complex. It sends preganglionic fibers via <b>CN III</b> to the ciliary ganglion. Postganglionic fibers innervate the <b>sphincter pupillae</b> (pupillary constriction) and <b>ciliary muscle</b> (lens accommodation).<br><br><b>High-yield points:</b><br><ul><li>Edinger‚ÄìWestphal nucleus = CN III parasympathetic</li><li>Targets: sphincter pupillae + ciliary muscle</li><li>Synapse: ciliary ganglion</li></ul><b>Why the other options are incorrect:</b><br><ul><li><b>Lacrimal gland:</b> CN VII via greater petrosal nerve</li><li><b>Parotid gland:</b> CN IX via otic ganglion</li><li><b>Submandibular gland:</b> CN VII via submandibular ganglion</li></ul>,7,,
Which nerves provide parasympathetic and sympathetic innervation to the otic and submandibular salivary glands?,Otic = glossopharyngeal via lesser petrosal ‚Üí auriculotemporal nerve; Submandibular = facial via chorda tympani ‚Üí lingual nerve,Otic = facial via chorda tympani; Submandibular = glossopharyngeal via auriculotemporal,Both receive parasympathetic from vagus nerve,Both receive sympathetic only from superior cervical ganglion,1,"The salivary glands receive dual autonomic input, but secretion is largely under <b>parasympathetic control</b>.<br><br><b>Parotid (otic ganglion):</b> Preganglionic fibers arise from the <b>inferior salivatory nucleus (CN IX)</b>, travel in the glossopharyngeal nerve, and branch into the <b>lesser petrosal nerve</b>. These fibers synapse in the <b>otic ganglion</b>, after which postganglionic fibers reach the gland via the <b>auriculotemporal nerve (V3 branch)</b>.<br><b>Submandibular and Sublingual (submandibular ganglion):</b> Preganglionic fibers originate in the <b>superior salivatory nucleus (CN VII)</b>, course through the <b>chorda tympani</b>, and join the <b>lingual nerve (V3)</b>. Synapse occurs in the <b>submandibular ganglion</b>, from which postganglionic fibers innervate both glands.<br><b>Sympathetic supply:</b> all salivary glands also receive fibers from the <b>superior cervical ganglion</b>, traveling along the external carotid plexus. Sympathetic input reduces watery flow and produces more viscous saliva.<br><br><b>High-yield points:</b><ul><li>Parotid = CN IX ‚Üí otic ganglion ‚Üí auriculotemporal</li><li>Submandibular/sublingual = CN VII ‚Üí chorda tympani ‚Üí lingual ‚Üí submandibular ganglion</li><li>Sympathetic: superior cervical ganglion, vasomotor</li></ul>",7,,
"When the hypoglossal nerve (CN XII) is damaged, in which direction does the tongue deviate?",Toward the same side of the lesion,Toward the opposite side,"Midline, no deviation",Posteriorly,1,"The <b>hypoglossal nerve (CN XII)</b> innervates all intrinsic and extrinsic tongue muscles except <b>palatoglossus (CN X)</b>. The key protruder is the <b>genioglossus</b>. In unilateral hypoglossal nerve damage, the ipsilateral genioglossus is paralyzed, so the intact side pushes forward unopposed. This causes the tongue to <b>deviate toward the side of the lesion</b>. Over time, there is <b>atrophy and fasciculations</b> on the affected side.<br>By contrast, <b>UMN lesions</b> cause contralateral weakness but without atrophy.<br><br><b>High-yield points:</b><ul><li>LMN lesion: deviation toward lesion, with atrophy</li><li>UMN lesion: deviation away, no atrophy</li><li>Genioglossus = main protruder</li></ul>",7,,
"Which muscles elevate, depress, protrude, and retrude the mandible?","Elevation: temporalis, masseter, medial pterygoid; Protrusion: lateral pterygoid; Depression: digastric, geniohyoid, mylohyoid; Retrusion: temporalis (posterior fibers), lateral pterygoid",Elevation: lateral pterygoid only; Protrusion: temporalis; Depression: masseter,Elevation: temporalis only; Protrusion: digastric,All movements by masseter,1,"Mandibular movement involves multiple muscles:<br><b>Elevation:</b> temporalis, masseter, medial pterygoid.<br><b>Depression:</b> mainly gravity, aided by lateral pterygoid (inferior head), digastric, geniohyoid, mylohyoid.<br><b>Protrusion:</b> lateral pterygoid (primary), assisted by medial pterygoid.<br><b>Retrusion:</b> posterior temporalis, deep masseter, geniohyoid, digastric.<br>Key fact: the <b>lateral pterygoid is the only muscle of mastication that depresses the mandible</b>.<br><br><b>High-yield points:</b><ul><li>Elevators = temporalis, masseter, medial pterygoid</li><li>Depressors = lateral pterygoid + suprahyoids</li><li>Protrusion = lateral pterygoid</li><li>Retrusion = posterior temporalis + deep masseter</li></ul>",7,,
What are the attachments of the pterygomandibular raphe?,Pterygoid hamulus ‚Üí posterior end of mylohyoid line,Styloid process ‚Üí hyoid bone,Hamulus ‚Üí coronoid process,Mandibular condyle ‚Üí medial pterygoid plate,1,The <b>pterygomandibular raphe</b> is a fibrous band extending from the <b>pterygoid hamulus (of medial pterygoid plate)</b> to the <b>posterior end of the mylohyoid line of the mandible</b>. It serves as attachment for the <b>buccinator</b> and <b>superior pharyngeal constrictor</b>. Clinically important in inferior alveolar nerve block injections.<br><br><b>High-yield points:</b><ul><li>Landmark: hamulus ‚Üí mylohyoid line</li><li>Attachments: buccinator + superior constrictor</li><li>Injection landmark: IAN block</li></ul>,7,,
Which of the following correctly pairs arm muscles with their innervation and primary action?,Biceps brachii ‚Äì musculocutaneous nerve ‚Äì flexion/supination,Triceps brachii ‚Äì radial nerve ‚Äì elbow extension,Brachialis ‚Äì musculocutaneous nerve ‚Äì elbow flexion,All of the above,4,"The arm is divided into anterior (flexor) and posterior (extensor) compartments:<br><b>Biceps brachii:</b> musculocutaneous nerve; flexes elbow and supinates forearm.<br><b>Triceps brachii:</b> radial nerve; main extensor of elbow.<br><b>Brachialis:</b> musculocutaneous nerve; strongest elbow flexor regardless of forearm position.<br>Bones: humerus, radius, ulna.<br><br><b>High-yield points:</b><ul><li>Biceps = flexion + supination</li><li>Triceps = extension</li><li>Brachialis = strongest flexor</li><li>Innervation: musculocutaneous (anterior), radial (posterior)</li></ul>",7,,
What are the primary functional differences between the superior and inferior heads of the lateral pterygoid muscle?,Superior head stabilizes the articular disc during closure; Inferior head depresses and protrudes the mandible,Superior head elevates the mandible; Inferior head retrudes the mandible,Both superior and inferior heads are primary mandibular elevators,Superior head controls tongue movements; Inferior head controls swallowing,1,"The <b>lateral pterygoid muscle</b> is unique among the muscles of mastication because it does not elevate the mandible. Instead, its two heads have complementary roles:<br><br><b>Inferior head:</b> Inserts on the condylar neck. Responsible for <b>mandibular depression (opening), protrusion, and contralateral excursion</b>. It is active when the mouth opens and during the power stroke of mastication.<br><b>Superior head:</b> Inserts on the articular disc and capsule of the TMJ. It does not produce elevation but is active during <b>closure</b> to <b>stabilize the disc-condyle complex</b> against the articular eminence, preventing anterior displacement of the disc.<br><br>This functional distinction explains why lateral pterygoid dysfunction often contributes to temporomandibular joint disorders.<br><br><b>High-yield points:</b><ul><li>Inferior head = opening, protrusion, contralateral excursion</li><li>Superior head = stabilizes disc during closure</li><li>Lateral pterygoid = only masticatory muscle that depresses mandible</li></ul>",7,,
Which structure is derived from the first branchial arch?,Stapes,Malleus,Stylohyoid ligament,Stylopharyngeus muscle,2,"The <b>first branchial arch (mandibular arch)</b> contributes to both skeletal and muscular structures.<br><br><b>Skeletal derivatives:</b> maxillary process (maxilla, zygomatic bone), mandibular process (Meckel‚Äôs cartilage ‚Üí mandible, malleus, incus, sphenomandibular ligament).<br><b>Muscular derivatives:</b> muscles of mastication, mylohyoid, anterior belly of digastric, tensor tympani, tensor veli palatini.<br><b>Nerve:</b> mandibular branch of trigeminal (CN V3).<br><b>Artery:</b> maxillary artery.<br><br><b>High-yield recap:</b> Arch 1 is associated with CN V3 and gives rise to the malleus, incus, sphenomandibular ligament, and the muscles of mastication.<br><br><b>Incorrect options explained:</b> The stapes arises from the second arch, not the first. The stylohyoid ligament is a derivative of the second arch as part of Reichert‚Äôs cartilage. The stylopharyngeus muscle is derived from the third arch, not the first.",7,,
Reichert‚Äôs cartilage is a derivative of which branchial arch?,First arch,Second arch,Third arch,Fourth arch,2,"The <b>second branchial arch (hyoid arch)</b> is most notable for its cartilage derivative, Reichert‚Äôs cartilage.<br><br><b>Skeletal derivatives:</b> Reichert‚Äôs cartilage ‚Üí stapes, styloid process, stylohyoid ligament, lesser horn and upper body of hyoid.<br><b>Muscular derivatives:</b> muscles of facial expression, stapedius, stylohyoid, posterior belly of digastric, platysma, buccinator.<br><b>Nerve:</b> facial nerve (CN VII).<br><b>Artery:</b> stapedial artery (regresses).<br><br><b>High-yield recap:</b> Arch 2 is associated with CN VII and gives rise to Reichert‚Äôs cartilage, the muscles of facial expression, and the upper hyoid.<br><br><b>Incorrect options explained:</b> The first arch produces the malleus and incus. The third arch gives rise to the stylopharyngeus and the greater horn of the hyoid. The fourth arch contributes to the thyroid cartilage and pharyngeal muscles, not the stapes or stylohyoid structures.",7,,
The stylopharyngeus muscle is derived from which branchial arch?,First,Second,Third,Fourth,3,"The <b>third branchial arch</b> contributes primarily to the hyoid apparatus and a single muscle.<br><br><b>Skeletal derivatives:</b> greater horn and lower body of the hyoid.<br><b>Muscular derivatives:</b> stylopharyngeus, the only muscle derived from this arch.<br><b>Nerve:</b> glossopharyngeal nerve (CN IX).<br><b>Artery:</b> common carotid artery and proximal internal carotid artery.<br><br><b>High-yield recap:</b> Arch 3 is associated with CN IX, the stylopharyngeus muscle, and the greater horn of the hyoid.<br><br><b>Incorrect options explained:</b> The first arch produces the muscles of mastication and malleus/incus. The second arch produces the muscles of facial expression and the derivatives of Reichert‚Äôs cartilage. The fourth arch contributes to the pharyngeal constrictors and laryngeal cartilages.",7,,
Which structure develops from the fourth branchial arch?,Stylopharyngeus,Thyroid cartilage,Stapes,Maxilla,2,"The <b>fourth branchial arch</b> contributes to the laryngeal framework and muscles involved in swallowing and phonation.<br><br><b>Skeletal derivatives:</b> thyroid cartilage and, along with the sixth arch, other laryngeal cartilages.<br><b>Muscular derivatives:</b> pharyngeal constrictors, cricothyroid, levator veli palatini.<br><b>Nerve:</b> vagus nerve (CN X), specifically the superior laryngeal branch.<br><b>Artery:</b> aortic arch (left), proximal right subclavian (right).<br><br><b>High-yield recap:</b> Arch 4 is associated with CN X (superior laryngeal branch), the thyroid cartilage, and the pharyngeal constrictors.<br><br><b>Incorrect options explained:</b> The stylopharyngeus muscle is a derivative of the third arch. The stapes arises from the second arch as part of Reichert‚Äôs cartilage. The maxilla arises from the first arch, not the fourth.",7,,
"In the thorax, the thoracic duct is found in which location relative to surrounding structures?",Anterior to the trachea,Posterior to the azygos vein,Between the azygos vein and the esophagus,Within the right mediastinal pleura,3,"The <b>thoracic duct</b> is the largest lymphatic vessel in the body, carrying lymph from nearly the entire body except the right upper quadrant.<br><br>It originates at the cisterna chyli, ascends through the aortic hiatus of the diaphragm, and continues through the posterior mediastinum. In the thorax, it lies <b>between the azygos vein and the esophagus</b>, posterior to the heart, and drains into the venous system at the left venous angle (junction of the left internal jugular and subclavian veins). This is remembered as lying between 'two gooses' ‚Äî the azygos and esophagus.<br><br><b>High-yield recap:</b> Thoracic duct drains most of the body, ascends between azygos and esophagus, empties at left venous angle.",7,,
At which vertebral level does the esophagus begin?,C4,C6,T1,T4,2,"The <b>esophagus</b> begins at the level of the <b>C6 vertebra</b>, just below the cricoid cartilage, where the pharynx becomes continuous with it.<br><br>From there, it descends through the thorax, passes through the diaphragm at T10, and terminates at the stomach. Clinically important constriction points include C6 (pharyngoesophageal junction), T4 (aortic arch), the left main bronchus, and T10 (esophageal hiatus).<br><br><b>High-yield recap:</b> Esophagus starts at C6, just below the cricoid cartilage.",7,,
Which of the following is the most common cause of esophageal varices?,Portal hypertension from cirrhosis,Chronic esophagitis,Inferior vena cava obstruction,Hiatal hernia,1,"<b>Esophageal varices</b> are dilated submucosal veins in the distal esophagus that develop when <b>portal hypertension</b> forces portal blood into systemic collaterals.<br><br>The most common cause is <b>cirrhosis of the liver</b>. Blood from the left gastric vein (portal system) is shunted into the azygos vein (systemic), creating fragile varices at the gastroesophageal junction. Rupture of these varices can cause massive, often fatal, hematemesis.<br><br><b>High-yield recap:</b> Cirrhosis ‚Üí portal hypertension ‚Üí left gastric to azygos ‚Üí esophageal varices ‚Üí hematemesis.",7,,
The ligamentum teres hepatis is a remnant of which embryologic structure?,Umbilical vein,Ductus venosus,Ductus arteriosus,Umbilical artery,1,"The <b>ligamentum teres hepatis</b> (round ligament of the liver) is the fibrous remnant of the fetal left <b>umbilical vein</b>.<br><br>This vein carried oxygenated blood from the placenta to the fetus. After birth, it becomes a fibrous cord within the falciform ligament. Other nearby remnants include the <b>ligamentum venosum</b> (from the ductus venosus, which shunted blood to the IVC), and the <b>ligamentum arteriosum</b> (from the ductus arteriosus, which connected the pulmonary artery to the aorta).<br><br><b>High-yield recap:</b> Ligamentum teres = remnant of umbilical vein, runs in falciform ligament.",7,,
Which paranasal sinus is the largest and most prone to infection due to its poor drainage?,Frontal,Ethmoidal,Maxillary,Sphenoidal,3,"The <b>maxillary sinus</b> is the largest of the paranasal sinuses. Located in the body of the maxilla, it is pyramidal in shape.<br><br>Its drainage ostium opens high on the medial wall into the middle meatus. Because the opening is located superiorly, drainage is inefficient when upright, predisposing it to infection. Dental infections of the maxillary molars can also spread into this sinus due to the close proximity of the tooth roots.<br><br><b>High-yield recap:</b> Maxillary sinus = largest sinus, poor drainage due to high ostium, prone to sinusitis.",7,,
What is the primary difference between the carotid sinus and the carotid bodies in terms of function?,Carotid sinus detects O‚ÇÇ; carotid bodies detect blood pressure,Carotid sinus detects blood pressure; carotid bodies detect O‚ÇÇ/CO‚ÇÇ,Both detect blood pressure,Both detect oxygen levels,2,"The <b>carotid sinus</b> is a baroreceptor at the bifurcation of the common carotid artery. It senses changes in <b>blood pressure</b> and sends afferents via CN IX to the medulla.<br><br>The <b>carotid bodies</b> are chemoreceptors located nearby. They detect changes in <b>O‚ÇÇ, CO‚ÇÇ, and pH</b> in the blood, stimulating respiratory drive when oxygen falls or CO‚ÇÇ rises. Signals travel through CN IX and CN X.<br><br><b>High-yield recap:</b> Carotid sinus = baroreceptor (blood pressure). Carotid bodies = chemoreceptor (O‚ÇÇ/CO‚ÇÇ/pH).",7,,
Which of the following muscles does NOT form the posterior border of the axilla?,Subscapularis,Teres major,Latissimus dorsi,Serratus anterior,4,"The posterior wall of the axilla is formed by the <b>subscapularis</b>, <b>teres major</b>, and <b>latissimus dorsi</b> muscles.<br><br>These muscles converge near the humerus to form the posterior axillary fold, a structure palpable on physical exam. The <b>serratus anterior</b>, by contrast, forms the <b>medial wall</b> of the axilla by attaching to the medial border of the scapula and the ribs.<br><br><b>High-yield recap:</b> Posterior wall = subscapularis, teres major, latissimus dorsi. Serratus anterior = medial wall.",7,,
Which muscle is the primary supinator of the forearm?,Brachialis,Pronator teres,Biceps brachii,Supinator,3,"Although the <b>supinator muscle</b> assists in supination, the <b>biceps brachii</b> is the most powerful supinator of the forearm, especially when the elbow is flexed.<br><br>The supinator contributes mainly during slow, unresisted movements or when the elbow is extended. The brachialis is a pure flexor and does not participate in supination. The pronator teres, as its name implies, acts in pronation, not supination.<br><br><b>High-yield recap:</b> Biceps brachii = strongest supinator (esp. with flexed elbow). Supinator = assists with slow/unresisted supination.",7,,